<?xml version="1.0"?>
<opencv_storage>
<stage7>
  <maxWeakCount>42</maxWeakCount>
  <stageThreshold>-1.1386297941207886e+00</stageThreshold>
  <weakClassifiers>
    <_>
      <internalNodes>
        0 -1 9267 -3.9292018860578537e-02</internalNodes>
      <leafValues>
        5.9168243408203125e-01 -9.3093089759349823e-02</leafValues></_>
    <_>
      <internalNodes>
        0 -1 31905 5.2510574460029602e-02</internalNodes>
      <leafValues>
        -1.7885687947273254e-01 3.5297688841819763e-01</leafValues></_>
    <_>
      <internalNodes>
        0 -1 23740 8.0143541097640991e-02</internalNodes>
      <leafValues>
        -1.7867538332939148e-01 3.4087184071540833e-01</leafValues></_>
    <_>
      <internalNodes>
        0 -1 8234 -1.5786439180374146e-02</internalNodes>
      <leafValues>
        3.1713744997978210e-01 -1.1628027260303497e-01</leafValues></_>
    <_>
      <internalNodes>
        0 -1 50282 3.8861706852912903e-02</internalNodes>
      <leafValues>
        -9.7737774252891541e-02 5.2052831649780273e-01</leafValues></_>
    <_>
      <internalNodes>
        0 -1 63532 1.4503243565559387e-01</internalNodes>
      <leafValues>
        -5.2306365221738815e-02 5.2316099405288696e-01</leafValues></_>
    <_>
      <internalNodes>
        0 -1 3386 -3.4882888197898865e-02</internalNodes>
      <leafValues>
        5.5927133560180664e-01 -6.7017175257205963e-02</leafValues></_>
    <_>
      <internalNodes>
        0 -1 51994 1.8605493096401915e-05</internalNodes>
      <leafValues>
        -1.8259996175765991e-01 1.9195640087127686e-01</leafValues></_>
    <_>
      <internalNodes>
        0 -1 5691 -1.5796134248375893e-03</internalNodes>
      <leafValues>
        -5.2217108011245728e-01 6.5815053880214691e-02</leafValues></_>
    <_>
      <internalNodes>
        0 -1 52601 6.7176036536693573e-03</internalNodes>
      <leafValues>
        -9.9006213247776031e-02 3.2658767700195313e-01</leafValues></_>
    <_>
      <internalNodes>
        0 -1 61198 1.9747454207390547e-03</internalNodes>
      <leafValues>
        -1.5443217754364014e-01 2.2927276790142059e-01</leafValues></_>
    <_>
      <internalNodes>
        0 -1 68342 -4.1984356357716024e-05</internalNodes>
      <leafValues>
        2.0306654274463654e-01 -1.6400098800659180e-01</leafValues></_>
    <_>
      <internalNodes>
        0 -1 36430 3.1616222113370895e-03</internalNodes>
      <leafValues>
        -1.3811153173446655e-01 2.6997345685958862e-01</leafValues></_>
    <_>
      <internalNodes>
        0 -1 16195 -9.6447482705116272e-02</internalNodes>
      <leafValues>
        7.9618686437606812e-01 -5.2206985652446747e-02</leafValues></_>
    <_>
      <internalNodes>
        0 -1 21751 -9.1873569181188941e-04</internalNodes>
      <leafValues>
        -3.9748364686965942e-01 1.0786601155996323e-01</leafValues></_>
    <_>
      <internalNodes>
        0 -1 31110 8.8304588571190834e-03</internalNodes>
      <leafValues>
        -1.1133993417024612e-01 3.0260637402534485e-01</leafValues></_>
    <_>
      <internalNodes>
        0 -1 37758 4.4877785257995129e-03</internalNodes>
      <leafValues>
        -1.4063210785388947e-01 2.7543622255325317e-01</leafValues></_>
    <_>
      <internalNodes>
        0 -1 30451 -1.8593510985374451e-01</internalNodes>
      <leafValues>
        6.1213213205337524e-01 -6.0762327164411545e-02</leafValues></_>
    <_>
      <internalNodes>
        0 -1 28054 1.6090190038084984e-03</internalNodes>
      <leafValues>
        7.8826621174812317e-02 -4.4516763091087341e-01</leafValues></_>
    <_>
      <internalNodes>
        0 -1 38699 3.6879369872622192e-05</internalNodes>
      <leafValues>
        -1.6039972007274628e-01 2.1614632010459900e-01</leafValues></_>
    <_>
      <internalNodes>
        0 -1 54613 -1.6468705143779516e-03</internalNodes>
      <leafValues>
        -4.1592022776603699e-01 7.9752400517463684e-02</leafValues></_>
    <_>
      <internalNodes>
        0 -1 45075 -1.1712750419974327e-02</internalNodes>
      <leafValues>
        4.9783575534820557e-01 -6.3644856214523315e-02</leafValues></_>
    <_>
      <internalNodes>
        0 -1 78298 -1.8577310256659985e-03</internalNodes>
      <leafValues>
        -4.8617222905158997e-01 6.8877264857292175e-02</leafValues></_>
    <_>
      <internalNodes>
        0 -1 48739 4.8304805532097816e-03</internalNodes>
      <leafValues>
        -1.3771924376487732e-01 2.1792735159397125e-01</leafValues></_>
    <_>
      <internalNodes>
        0 -1 60109 -1.1279016733169556e-01</internalNodes>
      <leafValues>
        4.1473123431205750e-01 -7.4949756264686584e-02</leafValues></_>
    <_>
      <internalNodes>
        0 -1 69667 1.3467797078192234e-02</internalNodes>
      <leafValues>
        -1.0613311082124710e-01 2.9370626807212830e-01</leafValues></_>
    <_>
      <internalNodes>
        0 -1 72211 -1.7036072677001357e-05</internalNodes>
      <leafValues>
        2.3321492969989777e-01 -1.9894815981388092e-01</leafValues></_>
    <_>
      <internalNodes>
        0 -1 78359 -1.6072683501988649e-03</internalNodes>
      <leafValues>
        -3.0325627326965332e-01 1.1243242025375366e-01</leafValues></_>
    <_>
      <internalNodes>
        0 -1 20607 9.8844736814498901e-02</internalNodes>
      <leafValues>
        -4.7722317278385162e-02 7.1875053644180298e-01</leafValues></_>
    <_>
      <internalNodes>
        0 -1 52673 3.7717670202255249e-03</internalNodes>
      <leafValues>
        -1.2302210927009583e-01 2.4626417458057404e-01</leafValues></_>
    <_>
      <internalNodes>
        0 -1 54717 -3.0183104798197746e-02</internalNodes>
      <leafValues>
        -5.1666080951690674e-01 6.7885473370552063e-02</leafValues></_>
    <_>
      <internalNodes>
        0 -1 2768 -3.0776608735322952e-02</internalNodes>
      <leafValues>
        6.8748301267623901e-01 -5.4709427058696747e-02</leafValues></_>
    <_>
      <internalNodes>
        0 -1 67849 1.8923432799056172e-04</internalNodes>
      <leafValues>
        -1.8701037764549255e-01 1.7553544044494629e-01</leafValues></_>
    <_>
      <internalNodes>
        0 -1 24072 -2.8362989425659180e-02</internalNodes>
      <leafValues>
        5.8428370952606201e-01 -5.5749762803316116e-02</leafValues></_>
    <_>
      <internalNodes>
        0 -1 58430 1.8629412807058543e-05</internalNodes>
      <leafValues>
        -1.4319843053817749e-01 2.2033345699310303e-01</leafValues></_>
    <_>
      <internalNodes>
        0 -1 6920 1.7543246503919363e-03</internalNodes>
      <leafValues>
        9.3518212437629700e-02 -3.4524607658386230e-01</leafValues></_>
    <_>
      <internalNodes>
        0 -1 18784 -3.1809527426958084e-03</internalNodes>
      <leafValues>
        6.2961870431900024e-01 -5.2084542810916901e-02</leafValues></_>
    <_>
      <internalNodes>
        0 -1 57922 1.9917607307434082e-02</internalNodes>
      <leafValues>
        -1.0420800000429153e-01 2.9330372810363770e-01</leafValues></_>
    <_>
      <internalNodes>
        0 -1 38691 -1.8521627411246300e-02</internalNodes>
      <leafValues>
        1.7736972868442535e-01 -1.8716813623905182e-01</leafValues></_>
    <_>
      <internalNodes>
        0 -1 44293 1.9563445675885305e-05</internalNodes>
      <leafValues>
        -1.5581871569156647e-01 2.0419263839721680e-01</leafValues></_>
    <_>
      <internalNodes>
        0 -1 27222 4.0433597750961781e-03</internalNodes>
      <leafValues>
        -1.1156274378299713e-01 2.6336485147476196e-01</leafValues></_>
    <_>
      <internalNodes>
        0 -1 18298 -2.2752495110034943e-01</internalNodes>
      <leafValues>
        6.0225230455398560e-01 -5.0457786768674850e-02</leafValues></_></weakClassifiers></stage7>
</opencv_storage>
